customer_id,first_name,email,loyalty_status,total_loyalty_points,last_purchase_date,segment_id,customer_phone,customer_since
C1,Cust_1,cust1@mail.com,Gold,0.0,,,9650572325,2023-01-01
C2,Cust_2,cust2@mail.com,Bronze,0.0,,,9652027025,2023-01-01
C3,Cust_3,cust3@mail.com,Bronze,0.0,,,9803079055,2023-01-01
C4,Cust_4,cust4@mail.com,Gold,0.0,,,9771330207,2023-01-01
C5,Cust_5,cust5@mail.com,Gold,0.0,,,9122978730,2023-01-01
C6,Cust_6,cust6@mail.com,Bronze,0.0,,,9835147672,2023-01-01
C7,Cust_7,cust7@mail.com,Bronze,0.0,,,9879717936,2023-01-01
C8,Cust_8,cust8@mail.com,Bronze,0.0,,,9175842194,2023-01-01
C9,Cust_9,cust9@mail.com,Bronze,0.0,,,9333975497,2023-01-01
C11,Cust_11,cust11@mail.com,Silver,0.0,,,9621358005,2023-01-01
C12,Cust_12,cust12@mail.com,Silver,0.0,,,9027571992,2023-01-01
C13,Cust_13,cust13@mail.com,Bronze,0.0,,,9997385005,2023-01-01
C14,Cust_14,cust14@mail.com,Silver,0.0,,,9334961542,2023-01-01
C15,Cust_15,invalid_email,Bronze,0.0,,,9618257024,2023-01-01
C16,Cust_16,cust16@mail.com,Bronze,0.0,,,9727296111,2023-01-01
C17,Cust_17,cust17@mail.com,Silver,0.0,,,9974985653,2023-01-01
C18,Cust_18,cust18@mail.com,Bronze,0.0,,,9402982778,2023-01-01
C19,Cust_19,cust19@mail.com,Silver,0.0,,,9425904456,2023-01-01
C21,Cust_21,cust21@mail.com,Silver,0.0,,,9212954978,2023-01-01
C22,Cust_22,cust22@mail.com,Silver,0.0,,,9081600593,2023-01-01
C23,Cust_23,cust23@mail.com,Silver,0.0,,,9635760237,2023-01-01
C24,Cust_24,cust24@mail.com,Gold,0.0,,,9741541582,2023-01-01
C25,Cust_25,cust25@mail.com,Gold,0.0,,,9891819497,2023-01-01
C26,Cust_26,cust26@mail.com,Gold,0.0,,,9673496394,2023-01-01
C27,Cust_27,cust27@mail.com,Gold,0.0,,,9260757540,2023-01-01
C28,Cust_28,cust28@mail.com,Gold,0.0,,,9109415691,2023-01-01
C29,Cust_29,cust29@mail.com,Silver,0.0,,,9748605284,2023-01-01
C31,Cust_31,cust31@mail.com,Bronze,0.0,,,9323821937,2023-01-01
C32,Cust_32,cust32@mail.com,Silver,0.0,,,9912995414,2023-01-01
C33,Cust_33,cust33@mail.com,Bronze,0.0,,,9734717549,2023-01-01
C34,Cust_34,cust34@mail.com,Bronze,0.0,,,9644687060,2023-01-01
C35,Cust_35,cust35@mail.com,Gold,0.0,,,9864929067,2023-01-01
C36,Cust_36,cust36@mail.com,Gold,0.0,,,9129981882,2023-01-01
C37,Cust_37,cust37@mail.com,Gold,0.0,,,9854942461,2023-01-01
C38,Cust_38,cust38@mail.com,Bronze,0.0,,,9607665448,2023-01-01
C39,Cust_39,cust39@mail.com,Gold,0.0,,,9840348305,2023-01-01
C41,Cust_41,cust41@mail.com,Bronze,0.0,,,9372807202,2023-01-01
C42,Cust_42,cust42@mail.com,Bronze,0.0,,,9572030854,2023-01-01
C43,Cust_43,cust43@mail.com,Gold,0.0,,,9459967386,2023-01-01
C44,Cust_44,cust44@mail.com,Silver,0.0,,,9710303128,2023-01-01
C45,Cust_45,invalid_email,Gold,0.0,,,9397897455,2023-01-01
C46,Cust_46,cust46@mail.com,Gold,0.0,,,9074041730,2023-01-01
C47,Cust_47,cust47@mail.com,Bronze,0.0,,,9543271261,2023-01-01
C48,Cust_48,cust48@mail.com,Bronze,0.0,,,9695294275,2023-01-01
C49,Cust_49,cust49@mail.com,Gold,0.0,,,9366394187,2023-01-01
C51,Cust_51,cust51@mail.com,Bronze,0.0,,,9912224883,2023-01-01
C52,Cust_52,cust52@mail.com,Bronze,0.0,,,9451034639,2023-01-01
C53,Cust_53,cust53@mail.com,Gold,0.0,,,9882971099,2023-01-01
C54,Cust_54,cust54@mail.com,Bronze,0.0,,,9526350075,2023-01-01
C55,Cust_55,cust55@mail.com,Gold,0.0,,,9113321496,2023-01-01
C56,Cust_56,cust56@mail.com,Bronze,0.0,,,9465492204,2023-01-01
C57,Cust_57,cust57@mail.com,Silver,0.0,,,9388896443,2023-01-01
C58,Cust_58,cust58@mail.com,Bronze,0.0,,,9682454310,2023-01-01
C59,Cust_59,cust59@mail.com,Gold,0.0,,,9957321378,2023-01-01
C61,Cust_61,cust61@mail.com,Gold,0.0,,,9493641365,2023-01-01
C62,Cust_62,cust62@mail.com,Gold,0.0,,,9759466878,2023-01-01
C63,Cust_63,cust63@mail.com,Bronze,0.0,,,9164272995,2023-01-01
C64,Cust_64,cust64@mail.com,Gold,0.0,,,9467600762,2023-01-01
C65,Cust_65,cust65@mail.com,Bronze,0.0,,,9189125618,2023-01-01
C66,Cust_66,cust66@mail.com,Silver,0.0,,,9787906704,2023-01-01
C67,Cust_67,cust67@mail.com,Gold,0.0,,,9560221300,2023-01-01
C68,Cust_68,cust68@mail.com,Gold,0.0,,,9698423334,2023-01-01
C69,Cust_69,cust69@mail.com,Gold,0.0,,,9289998761,2023-01-01
C71,Cust_71,cust71@mail.com,Silver,0.0,,,9867797300,2023-01-01
C72,Cust_72,cust72@mail.com,Silver,0.0,,,9987431941,2023-01-01
C73,Cust_73,cust73@mail.com,Bronze,0.0,,,9577858758,2023-01-01
C74,Cust_74,cust74@mail.com,Gold,0.0,,,9831764920,2023-01-01
C75,Cust_75,invalid_email,Gold,0.0,,,9519151495,2023-01-01
C76,Cust_76,cust76@mail.com,Silver,0.0,,,9499154414,2023-01-01
C77,Cust_77,cust77@mail.com,Bronze,0.0,,,9467694547,2023-01-01
C78,Cust_78,cust78@mail.com,Silver,0.0,,,9886625773,2023-01-01
C79,Cust_79,cust79@mail.com,Silver,0.0,,,9784933416,2023-01-01
C81,Cust_81,cust81@mail.com,Gold,0.0,,,9288187517,2023-01-01
C82,Cust_82,cust82@mail.com,Gold,0.0,,,9346071904,2023-01-01
C83,Cust_83,cust83@mail.com,Silver,0.0,,,9914520040,2023-01-01
C84,Cust_84,cust84@mail.com,Silver,0.0,,,9263598427,2023-01-01
C85,Cust_85,cust85@mail.com,Silver,0.0,,,9891990632,2023-01-01
C86,Cust_86,cust86@mail.com,Bronze,0.0,,,9093053577,2023-01-01
C87,Cust_87,cust87@mail.com,Bronze,0.0,,,9299496923,2023-01-01
C88,Cust_88,cust88@mail.com,Silver,0.0,,,9946644279,2023-01-01
C89,Cust_89,cust89@mail.com,Gold,0.0,,,9484044963,2023-01-01
C91,Cust_91,cust91@mail.com,Bronze,0.0,,,9805817775,2023-01-01
C92,Cust_92,cust92@mail.com,Bronze,0.0,,,9498976917,2023-01-01
C93,Cust_93,cust93@mail.com,Gold,0.0,,,9611871397,2023-01-01
C94,Cust_94,cust94@mail.com,Bronze,0.0,,,9655338677,2023-01-01
C95,Cust_95,cust95@mail.com,Gold,0.0,,,9717461907,2023-01-01
C96,Cust_96,cust96@mail.com,Silver,0.0,,,9406936666,2023-01-01
C97,Cust_97,cust97@mail.com,Bronze,0.0,,,9361203124,2023-01-01
C98,Cust_98,cust98@mail.com,Silver,0.0,,,9030816384,2023-01-01
C99,Cust_99,cust99@mail.com,Bronze,0.0,,,9530757561,2023-01-01
C101,Cust_101,cust101@mail.com,Silver,0.0,,,9348981305,2023-01-01
C102,Cust_102,cust102@mail.com,Silver,0.0,,,9195249057,2023-01-01
C103,Cust_103,cust103@mail.com,Bronze,0.0,,,9523502759,2023-01-01
C104,Cust_104,cust104@mail.com,Silver,0.0,,,9227761953,2023-01-01
C105,Cust_105,invalid_email,Gold,0.0,,,9380990401,2023-01-01
C106,Cust_106,cust106@mail.com,Gold,0.0,,,9856665975,2023-01-01
C107,Cust_107,cust107@mail.com,Silver,0.0,,,9277403790,2023-01-01
C108,Cust_108,cust108@mail.com,Gold,0.0,,,9365436049,2023-01-01
C109,Cust_109,cust109@mail.com,Gold,0.0,,,9300281010,2023-01-01
C111,Cust_111,cust111@mail.com,Bronze,0.0,,,9640116562,2023-01-01
C112,Cust_112,cust112@mail.com,Gold,0.0,,,9752890318,2023-01-01
C113,Cust_113,cust113@mail.com,Gold,0.0,,,9945008067,2023-01-01
C114,Cust_114,cust114@mail.com,Silver,0.0,,,9296641124,2023-01-01
C115,Cust_115,cust115@mail.com,Gold,0.0,,,9596776072,2023-01-01
C116,Cust_116,cust116@mail.com,Bronze,0.0,,,9010899674,2023-01-01
C117,Cust_117,cust117@mail.com,Bronze,0.0,,,9554724287,2023-01-01
C118,Cust_118,cust118@mail.com,Silver,0.0,,,9205145276,2023-01-01
C119,Cust_119,cust119@mail.com,Bronze,0.0,,,9091926217,2023-01-01
C121,Cust_121,cust121@mail.com,Gold,0.0,,,9773174285,2023-01-01
C122,Cust_122,cust122@mail.com,Gold,0.0,,,9436398872,2023-01-01
C123,Cust_123,cust123@mail.com,Bronze,0.0,,,9524606470,2023-01-01
C124,Cust_124,cust124@mail.com,Silver,0.0,,,9596115913,2023-01-01
C125,Cust_125,cust125@mail.com,Silver,0.0,,,9814073098,2023-01-01
C126,Cust_126,cust126@mail.com,Gold,0.0,,,9258045858,2023-01-01
C127,Cust_127,cust127@mail.com,Bronze,0.0,,,9741536135,2023-01-01
C128,Cust_128,cust128@mail.com,Gold,0.0,,,9511201082,2023-01-01
C129,Cust_129,cust129@mail.com,Silver,0.0,,,9693532952,2023-01-01
C131,Cust_131,cust131@mail.com,Gold,0.0,,,9527015393,2023-01-01
C132,Cust_132,cust132@mail.com,Gold,0.0,,,9481223755,2023-01-01
C133,Cust_133,cust133@mail.com,Silver,0.0,,,9851405188,2023-01-01
C134,Cust_134,cust134@mail.com,Gold,0.0,,,9018514813,2023-01-01
C135,Cust_135,invalid_email,Silver,0.0,,,9099915275,2023-01-01
C136,Cust_136,cust136@mail.com,Silver,0.0,,,9315933049,2023-01-01
C137,Cust_137,cust137@mail.com,Bronze,0.0,,,9237937327,2023-01-01
C138,Cust_138,cust138@mail.com,Bronze,0.0,,,9434222401,2023-01-01
C139,Cust_139,cust139@mail.com,Gold,0.0,,,9742800803,2023-01-01
C141,Cust_141,cust141@mail.com,Silver,0.0,,,9328786222,2023-01-01
C142,Cust_142,cust142@mail.com,Bronze,0.0,,,9712921644,2023-01-01
C143,Cust_143,cust143@mail.com,Bronze,0.0,,,9624440558,2023-01-01
C144,Cust_144,cust144@mail.com,Silver,0.0,,,9396232693,2023-01-01
C145,Cust_145,cust145@mail.com,Bronze,0.0,,,9508159580,2023-01-01
C146,Cust_146,cust146@mail.com,Gold,0.0,,,9594287057,2023-01-01
C147,Cust_147,cust147@mail.com,Silver,0.0,,,9570073085,2023-01-01
C148,Cust_148,cust148@mail.com,Bronze,0.0,,,9369106688,2023-01-01
C149,Cust_149,cust149@mail.com,Gold,0.0,,,9456881239,2023-01-01
C151,Cust_151,cust151@mail.com,Gold,0.0,,,9590975123,2023-01-01
C152,Cust_152,cust152@mail.com,Gold,0.0,,,9355184454,2023-01-01
C153,Cust_153,cust153@mail.com,Silver,0.0,,,9377753674,2023-01-01
C154,Cust_154,cust154@mail.com,Gold,0.0,,,9754684750,2023-01-01
C155,Cust_155,cust155@mail.com,Bronze,0.0,,,9487205269,2023-01-01
C156,Cust_156,cust156@mail.com,Bronze,0.0,,,9290894296,2023-01-01
C157,Cust_157,cust157@mail.com,Bronze,0.0,,,9329233929,2023-01-01
C158,Cust_158,cust158@mail.com,Gold,0.0,,,9269942642,2023-01-01
C159,Cust_159,cust159@mail.com,Bronze,0.0,,,9247538338,2023-01-01
C161,Cust_161,cust161@mail.com,Bronze,0.0,,,9774473159,2023-01-01
C162,Cust_162,cust162@mail.com,Silver,0.0,,,9206785808,2023-01-01
C163,Cust_163,cust163@mail.com,Gold,0.0,,,9338817025,2023-01-01
C164,Cust_164,cust164@mail.com,Gold,0.0,,,9128370927,2023-01-01
C165,Cust_165,invalid_email,Bronze,0.0,,,9797662466,2023-01-01
C166,Cust_166,cust166@mail.com,Silver,0.0,,,9575379544,2023-01-01
C167,Cust_167,cust167@mail.com,Bronze,0.0,,,9818394863,2023-01-01
C168,Cust_168,cust168@mail.com,Bronze,0.0,,,9741057474,2023-01-01
C169,Cust_169,cust169@mail.com,Silver,0.0,,,9198803134,2023-01-01
C171,Cust_171,cust171@mail.com,Bronze,0.0,,,9232341238,2023-01-01
C172,Cust_172,cust172@mail.com,Silver,0.0,,,9793070706,2023-01-01
C173,Cust_173,cust173@mail.com,Bronze,0.0,,,9519904272,2023-01-01
C174,Cust_174,cust174@mail.com,Gold,0.0,,,9296889215,2023-01-01
C175,Cust_175,cust175@mail.com,Bronze,0.0,,,9778017216,2023-01-01
C176,Cust_176,cust176@mail.com,Gold,0.0,,,9633064117,2023-01-01
C177,Cust_177,cust177@mail.com,Bronze,0.0,,,9816267011,2023-01-01
C178,Cust_178,cust178@mail.com,Silver,0.0,,,9563324548,2023-01-01
C179,Cust_179,cust179@mail.com,Gold,0.0,,,9640799178,2023-01-01
C181,Cust_181,cust181@mail.com,Gold,0.0,,,9107939087,2023-01-01
C182,Cust_182,cust182@mail.com,Gold,0.0,,,9894027897,2023-01-01
C183,Cust_183,cust183@mail.com,Bronze,0.0,,,9208432166,2023-01-01
C184,Cust_184,cust184@mail.com,Bronze,0.0,,,9318092217,2023-01-01
C185,Cust_185,cust185@mail.com,Bronze,0.0,,,9244258191,2023-01-01
C186,Cust_186,cust186@mail.com,Bronze,0.0,,,9387493096,2023-01-01
C187,Cust_187,cust187@mail.com,Silver,0.0,,,9192673892,2023-01-01
C188,Cust_188,cust188@mail.com,Bronze,0.0,,,9324557359,2023-01-01
C189,Cust_189,cust189@mail.com,Bronze,0.0,,,9015191689,2023-01-01
C191,Cust_191,cust191@mail.com,Silver,0.0,,,9573523188,2023-01-01
C192,Cust_192,cust192@mail.com,Silver,0.0,,,9135917419,2023-01-01
C193,Cust_193,cust193@mail.com,Gold,0.0,,,9294539550,2023-01-01
C194,Cust_194,cust194@mail.com,Gold,0.0,,,9048872110,2023-01-01
C195,Cust_195,invalid_email,Bronze,0.0,,,9058546865,2023-01-01
C196,Cust_196,cust196@mail.com,Silver,0.0,,,9594164665,2023-01-01
C197,Cust_197,cust197@mail.com,Bronze,0.0,,,9313679331,2023-01-01
C198,Cust_198,cust198@mail.com,Gold,0.0,,,9748846217,2023-01-01
C199,Cust_199,cust199@mail.com,Bronze,0.0,,,9135591568,2023-01-01
C201,Cust_201,cust201@mail.com,Bronze,0.0,,,9932503106,2023-01-01
C202,Cust_202,cust202@mail.com,Silver,0.0,,,9808304440,2023-01-01
C203,Cust_203,cust203@mail.com,Bronze,0.0,,,9527076988,2023-01-01
C204,Cust_204,cust204@mail.com,Bronze,0.0,,,9110152642,2023-01-01
C205,Cust_205,cust205@mail.com,Silver,0.0,,,9937075684,2023-01-01
C206,Cust_206,cust206@mail.com,Silver,0.0,,,9013169872,2023-01-01
C207,Cust_207,cust207@mail.com,Silver,0.0,,,9616396766,2023-01-01
C208,Cust_208,cust208@mail.com,Bronze,0.0,,,9305307028,2023-01-01
C209,Cust_209,cust209@mail.com,Bronze,0.0,,,9504011128,2023-01-01
C211,Cust_211,cust211@mail.com,Gold,0.0,,,9472949775,2023-01-01
C212,Cust_212,cust212@mail.com,Bronze,0.0,,,9365830215,2023-01-01
C213,Cust_213,cust213@mail.com,Silver,0.0,,,9197958983,2023-01-01
C214,Cust_214,cust214@mail.com,Silver,0.0,,,9055165334,2023-01-01
C215,Cust_215,cust215@mail.com,Silver,0.0,,,9271096600,2023-01-01
C216,Cust_216,cust216@mail.com,Bronze,0.0,,,9925267987,2023-01-01
C217,Cust_217,cust217@mail.com,Silver,0.0,,,9512957813,2023-01-01
C218,Cust_218,cust218@mail.com,Silver,0.0,,,9122500131,2023-01-01
C219,Cust_219,cust219@mail.com,Gold,0.0,,,9882739959,2023-01-01
C221,Cust_221,cust221@mail.com,Silver,0.0,,,9430256336,2023-01-01
C222,Cust_222,cust222@mail.com,Gold,0.0,,,9528008852,2023-01-01
C223,Cust_223,cust223@mail.com,Gold,0.0,,,9079545125,2023-01-01
C224,Cust_224,cust224@mail.com,Silver,0.0,,,9619571745,2023-01-01
C225,Cust_225,invalid_email,Bronze,0.0,,,9675862179,2023-01-01
C226,Cust_226,cust226@mail.com,Bronze,0.0,,,9737071174,2023-01-01
C227,Cust_227,cust227@mail.com,Silver,0.0,,,9057562304,2023-01-01
C228,Cust_228,cust228@mail.com,Bronze,0.0,,,9162915636,2023-01-01
C229,Cust_229,cust229@mail.com,Gold,0.0,,,9160199682,2023-01-01
C231,Cust_231,cust231@mail.com,Bronze,0.0,,,9604344408,2023-01-01
C232,Cust_232,cust232@mail.com,Bronze,0.0,,,9326240903,2023-01-01
C233,Cust_233,cust233@mail.com,Gold,0.0,,,9091462297,2023-01-01
C234,Cust_234,cust234@mail.com,Silver,0.0,,,9266493008,2023-01-01
C235,Cust_235,cust235@mail.com,Silver,0.0,,,9127186396,2023-01-01
C236,Cust_236,cust236@mail.com,Gold,0.0,,,9599226355,2023-01-01
C237,Cust_237,cust237@mail.com,Silver,0.0,,,9820814900,2023-01-01
C238,Cust_238,cust238@mail.com,Silver,0.0,,,9446863451,2023-01-01
C239,Cust_239,cust239@mail.com,Gold,0.0,,,9651028618,2023-01-01
C241,Cust_241,cust241@mail.com,Bronze,0.0,,,9849051496,2023-01-01
C242,Cust_242,cust242@mail.com,Silver,0.0,,,9664021648,2023-01-01
C243,Cust_243,cust243@mail.com,Gold,0.0,,,9242329714,2023-01-01
C244,Cust_244,cust244@mail.com,Bronze,0.0,,,9832894596,2023-01-01
C245,Cust_245,cust245@mail.com,Silver,0.0,,,9561107986,2023-01-01
C246,Cust_246,cust246@mail.com,Bronze,0.0,,,9408427798,2023-01-01
C247,Cust_247,cust247@mail.com,Gold,0.0,,,9483736219,2023-01-01
C248,Cust_248,cust248@mail.com,Silver,0.0,,,9975499151,2023-01-01
C249,Cust_249,cust249@mail.com,Bronze,0.0,,,9475368059,2023-01-01
C251,Cust_251,cust251@mail.com,Gold,0.0,,,9923596926,2023-01-01
C252,Cust_252,cust252@mail.com,Gold,0.0,,,9631924051,2023-01-01
C253,Cust_253,cust253@mail.com,Gold,0.0,,,9460452529,2023-01-01
C254,Cust_254,cust254@mail.com,Gold,0.0,,,9327899537,2023-01-01
C255,Cust_255,invalid_email,Gold,0.0,,,9610561240,2023-01-01
C256,Cust_256,cust256@mail.com,Gold,0.0,,,9666823010,2023-01-01
C257,Cust_257,cust257@mail.com,Bronze,0.0,,,9064671796,2023-01-01
C258,Cust_258,cust258@mail.com,Silver,0.0,,,9654586204,2023-01-01
C259,Cust_259,cust259@mail.com,Silver,0.0,,,9794664845,2023-01-01
C261,Cust_261,cust261@mail.com,Gold,0.0,,,9818982730,2023-01-01
C262,Cust_262,cust262@mail.com,Silver,0.0,,,9223110563,2023-01-01
C263,Cust_263,cust263@mail.com,Gold,0.0,,,9671641650,2023-01-01
C264,Cust_264,cust264@mail.com,Silver,0.0,,,9226586581,2023-01-01
C265,Cust_265,cust265@mail.com,Gold,0.0,,,9284161612,2023-01-01
C266,Cust_266,cust266@mail.com,Bronze,0.0,,,9709129316,2023-01-01
C267,Cust_267,cust267@mail.com,Gold,0.0,,,9087174381,2023-01-01
C268,Cust_268,cust268@mail.com,Silver,0.0,,,9168638768,2023-01-01
C269,Cust_269,cust269@mail.com,Gold,0.0,,,9257553274,2023-01-01
C271,Cust_271,cust271@mail.com,Gold,0.0,,,9592697161,2023-01-01
C272,Cust_272,cust272@mail.com,Silver,0.0,,,9080600295,2023-01-01
C273,Cust_273,cust273@mail.com,Silver,0.0,,,9168075622,2023-01-01
C274,Cust_274,cust274@mail.com,Silver,0.0,,,9002873038,2023-01-01
C275,Cust_275,cust275@mail.com,Gold,0.0,,,9438642403,2023-01-01
C276,Cust_276,cust276@mail.com,Silver,0.0,,,9483724666,2023-01-01
C277,Cust_277,cust277@mail.com,Gold,0.0,,,9740206617,2023-01-01
C278,Cust_278,cust278@mail.com,Bronze,0.0,,,9637599912,2023-01-01
C279,Cust_279,cust279@mail.com,Bronze,0.0,,,9504564682,2023-01-01
C281,Cust_281,cust281@mail.com,Gold,0.0,,,9035046782,2023-01-01
C282,Cust_282,cust282@mail.com,Silver,0.0,,,9248545713,2023-01-01
C283,Cust_283,cust283@mail.com,Gold,0.0,,,9309350265,2023-01-01
C284,Cust_284,cust284@mail.com,Gold,0.0,,,9759088046,2023-01-01
C285,Cust_285,invalid_email,Bronze,0.0,,,9303566540,2023-01-01
C286,Cust_286,cust286@mail.com,Gold,0.0,,,9754827139,2023-01-01
C287,Cust_287,cust287@mail.com,Gold,0.0,,,9922995699,2023-01-01
C288,Cust_288,cust288@mail.com,Silver,0.0,,,9487512424,2023-01-01
C289,Cust_289,cust289@mail.com,Silver,0.0,,,9076428684,2023-01-01
C291,Cust_291,cust291@mail.com,Bronze,0.0,,,9250636897,2023-01-01
C292,Cust_292,cust292@mail.com,Silver,0.0,,,9992041933,2023-01-01
C293,Cust_293,cust293@mail.com,Silver,0.0,,,9284063364,2023-01-01
C294,Cust_294,cust294@mail.com,Bronze,0.0,,,9845923902,2023-01-01
C295,Cust_295,cust295@mail.com,Silver,0.0,,,9849595796,2023-01-01
C296,Cust_296,cust296@mail.com,Gold,0.0,,,9671150922,2023-01-01
C297,Cust_297,cust297@mail.com,Gold,0.0,,,9633281747,2023-01-01
C298,Cust_298,cust298@mail.com,Gold,0.0,,,9709939880,2023-01-01
C299,Cust_299,cust299@mail.com,Silver,0.0,,,9863187150,2023-01-01
C301,Cust_301,cust301@mail.com,Silver,0.0,,,9456489494,2023-01-01
C302,Cust_302,cust302@mail.com,Silver,0.0,,,9123240112,2023-01-01
C303,Cust_303,cust303@mail.com,Gold,0.0,,,9584719405,2023-01-01
C304,Cust_304,cust304@mail.com,Bronze,0.0,,,9241387305,2023-01-01
C305,Cust_305,cust305@mail.com,Gold,0.0,,,9695392488,2023-01-01
C306,Cust_306,cust306@mail.com,Silver,0.0,,,9159976144,2023-01-01
C307,Cust_307,cust307@mail.com,Gold,0.0,,,9975399366,2023-01-01
C308,Cust_308,cust308@mail.com,Bronze,0.0,,,9285220694,2023-01-01
C309,Cust_309,cust309@mail.com,Gold,0.0,,,9887588450,2023-01-01
C311,Cust_311,cust311@mail.com,Silver,0.0,,,9076675731,2023-01-01
C312,Cust_312,cust312@mail.com,Gold,0.0,,,9064035859,2023-01-01
C313,Cust_313,cust313@mail.com,Gold,0.0,,,9178158234,2023-01-01
C314,Cust_314,cust314@mail.com,Gold,0.0,,,9851078441,2023-01-01
C315,Cust_315,invalid_email,Gold,0.0,,,9330295664,2023-01-01
C316,Cust_316,cust316@mail.com,Silver,0.0,,,9638923667,2023-01-01
C317,Cust_317,cust317@mail.com,Bronze,0.0,,,9804187231,2023-01-01
C318,Cust_318,cust318@mail.com,Bronze,0.0,,,9885021282,2023-01-01
C319,Cust_319,cust319@mail.com,Gold,0.0,,,9611181411,2023-01-01
C321,Cust_321,cust321@mail.com,Bronze,0.0,,,9309893263,2023-01-01
C322,Cust_322,cust322@mail.com,Bronze,0.0,,,9471537429,2023-01-01
C323,Cust_323,cust323@mail.com,Bronze,0.0,,,9133523720,2023-01-01
C324,Cust_324,cust324@mail.com,Bronze,0.0,,,9503260608,2023-01-01
C325,Cust_325,cust325@mail.com,Bronze,0.0,,,9739462365,2023-01-01
C326,Cust_326,cust326@mail.com,Bronze,0.0,,,9326515425,2023-01-01
C327,Cust_327,cust327@mail.com,Silver,0.0,,,9751333320,2023-01-01
C328,Cust_328,cust328@mail.com,Gold,0.0,,,9432190231,2023-01-01
C329,Cust_329,cust329@mail.com,Bronze,0.0,,,9292322121,2023-01-01
C331,Cust_331,cust331@mail.com,Silver,0.0,,,9579800791,2023-01-01
C332,Cust_332,cust332@mail.com,Gold,0.0,,,9530208579,2023-01-01
C333,Cust_333,cust333@mail.com,Gold,0.0,,,9470040006,2023-01-01
C334,Cust_334,cust334@mail.com,Bronze,0.0,,,9086373782,2023-01-01
C335,Cust_335,cust335@mail.com,Gold,0.0,,,9642136977,2023-01-01
C336,Cust_336,cust336@mail.com,Gold,0.0,,,9042800191,2023-01-01
C337,Cust_337,cust337@mail.com,Silver,0.0,,,9955010559,2023-01-01
C338,Cust_338,cust338@mail.com,Silver,0.0,,,9463887247,2023-01-01
C339,Cust_339,cust339@mail.com,Silver,0.0,,,9788699799,2023-01-01
C341,Cust_341,cust341@mail.com,Bronze,0.0,,,9648232591,2023-01-01
C342,Cust_342,cust342@mail.com,Gold,0.0,,,9268830491,2023-01-01
C343,Cust_343,cust343@mail.com,Gold,0.0,,,9027772220,2023-01-01
C344,Cust_344,cust344@mail.com,Bronze,0.0,,,9098061499,2023-01-01
C345,Cust_345,invalid_email,Bronze,0.0,,,9245805719,2023-01-01
C346,Cust_346,cust346@mail.com,Silver,0.0,,,9724022357,2023-01-01
C347,Cust_347,cust347@mail.com,Bronze,0.0,,,9897603725,2023-01-01
C348,Cust_348,cust348@mail.com,Bronze,0.0,,,9923972954,2023-01-01
C349,Cust_349,cust349@mail.com,Gold,0.0,,,9617615339,2023-01-01
C351,Cust_351,cust351@mail.com,Silver,0.0,,,9022275263,2023-01-01
C352,Cust_352,cust352@mail.com,Bronze,0.0,,,9821155204,2023-01-01
C353,Cust_353,cust353@mail.com,Gold,0.0,,,9721856853,2023-01-01
C354,Cust_354,cust354@mail.com,Bronze,0.0,,,9881994345,2023-01-01
C355,Cust_355,cust355@mail.com,Bronze,0.0,,,9289385259,2023-01-01
C356,Cust_356,cust356@mail.com,Silver,0.0,,,9618740490,2023-01-01
C357,Cust_357,cust357@mail.com,Bronze,0.0,,,9043198431,2023-01-01
C358,Cust_358,cust358@mail.com,Silver,0.0,,,9819382051,2023-01-01
C359,Cust_359,cust359@mail.com,Gold,0.0,,,9812037475,2023-01-01
C361,Cust_361,cust361@mail.com,Gold,0.0,,,9505196410,2023-01-01
C362,Cust_362,cust362@mail.com,Gold,0.0,,,9557233178,2023-01-01
C363,Cust_363,cust363@mail.com,Silver,0.0,,,9699552991,2023-01-01
C364,Cust_364,cust364@mail.com,Silver,0.0,,,9474840200,2023-01-01
C365,Cust_365,cust365@mail.com,Gold,0.0,,,9983625664,2023-01-01
C366,Cust_366,cust366@mail.com,Gold,0.0,,,9298668350,2023-01-01
C367,Cust_367,cust367@mail.com,Gold,0.0,,,9194872482,2023-01-01
C368,Cust_368,cust368@mail.com,Silver,0.0,,,9628492896,2023-01-01
C369,Cust_369,cust369@mail.com,Gold,0.0,,,9468027936,2023-01-01
C371,Cust_371,cust371@mail.com,Bronze,0.0,,,9874288855,2023-01-01
C372,Cust_372,cust372@mail.com,Gold,0.0,,,9527986559,2023-01-01
C373,Cust_373,cust373@mail.com,Silver,0.0,,,9097970787,2023-01-01
C374,Cust_374,cust374@mail.com,Silver,0.0,,,9504669821,2023-01-01
C375,Cust_375,invalid_email,Silver,0.0,,,9373620340,2023-01-01
C376,Cust_376,cust376@mail.com,Bronze,0.0,,,9438460431,2023-01-01
C377,Cust_377,cust377@mail.com,Gold,0.0,,,9357887167,2023-01-01
C378,Cust_378,cust378@mail.com,Silver,0.0,,,9344733679,2023-01-01
C379,Cust_379,cust379@mail.com,Gold,0.0,,,9719550381,2023-01-01
C381,Cust_381,cust381@mail.com,Gold,0.0,,,9920983900,2023-01-01
C382,Cust_382,cust382@mail.com,Bronze,0.0,,,9172684373,2023-01-01
C383,Cust_383,cust383@mail.com,Silver,0.0,,,9354123990,2023-01-01
C384,Cust_384,cust384@mail.com,Silver,0.0,,,9442000551,2023-01-01
C385,Cust_385,cust385@mail.com,Bronze,0.0,,,9744826434,2023-01-01
C386,Cust_386,cust386@mail.com,Gold,0.0,,,9532005813,2023-01-01
C387,Cust_387,cust387@mail.com,Silver,0.0,,,9309471503,2023-01-01
C388,Cust_388,cust388@mail.com,Bronze,0.0,,,9711443654,2023-01-01
C389,Cust_389,cust389@mail.com,Silver,0.0,,,9429982328,2023-01-01
C391,Cust_391,cust391@mail.com,Silver,0.0,,,9816580415,2023-01-01
C392,Cust_392,cust392@mail.com,Gold,0.0,,,9590661740,2023-01-01
C393,Cust_393,cust393@mail.com,Bronze,0.0,,,9039403247,2023-01-01
C394,Cust_394,cust394@mail.com,Bronze,0.0,,,9488365604,2023-01-01
C395,Cust_395,cust395@mail.com,Bronze,0.0,,,9094553481,2023-01-01
C396,Cust_396,cust396@mail.com,Bronze,0.0,,,9337710224,2023-01-01
C397,Cust_397,cust397@mail.com,Silver,0.0,,,9271011200,2023-01-01
C398,Cust_398,cust398@mail.com,Gold,0.0,,,9347112584,2023-01-01
C399,Cust_399,cust399@mail.com,Bronze,0.0,,,9124469868,2023-01-01
C401,Cust_401,cust401@mail.com,Bronze,0.0,,,9433979662,2023-01-01
C402,Cust_402,cust402@mail.com,Bronze,0.0,,,9928690670,2023-01-01
C403,Cust_403,cust403@mail.com,Silver,0.0,,,9552543518,2023-01-01
C404,Cust_404,cust404@mail.com,Silver,0.0,,,9885758835,2023-01-01
C405,Cust_405,invalid_email,Silver,0.0,,,9001235946,2023-01-01
C406,Cust_406,cust406@mail.com,Gold,0.0,,,9706157458,2023-01-01
C407,Cust_407,cust407@mail.com,Silver,0.0,,,9933476226,2023-01-01
C408,Cust_408,cust408@mail.com,Silver,0.0,,,9582605435,2023-01-01
C409,Cust_409,cust409@mail.com,Bronze,0.0,,,9496043327,2023-01-01
C411,Cust_411,cust411@mail.com,Silver,0.0,,,9058201193,2023-01-01
C412,Cust_412,cust412@mail.com,Silver,0.0,,,9201415220,2023-01-01
C413,Cust_413,cust413@mail.com,Gold,0.0,,,9556670062,2023-01-01
C414,Cust_414,cust414@mail.com,Gold,0.0,,,9388457631,2023-01-01
C415,Cust_415,cust415@mail.com,Bronze,0.0,,,9668548027,2023-01-01
C416,Cust_416,cust416@mail.com,Gold,0.0,,,9812224654,2023-01-01
C417,Cust_417,cust417@mail.com,Silver,0.0,,,9535252889,2023-01-01
C418,Cust_418,cust418@mail.com,Silver,0.0,,,9671527524,2023-01-01
C419,Cust_419,cust419@mail.com,Bronze,0.0,,,9474637858,2023-01-01
C421,Cust_421,cust421@mail.com,Silver,0.0,,,9055417727,2023-01-01
C422,Cust_422,cust422@mail.com,Silver,0.0,,,9218568997,2023-01-01
C423,Cust_423,cust423@mail.com,Silver,0.0,,,9286749454,2023-01-01
C424,Cust_424,cust424@mail.com,Gold,0.0,,,9589720101,2023-01-01
C425,Cust_425,cust425@mail.com,Gold,0.0,,,9140674381,2023-01-01
C426,Cust_426,cust426@mail.com,Gold,0.0,,,9996081045,2023-01-01
C427,Cust_427,cust427@mail.com,Gold,0.0,,,9309268943,2023-01-01
C428,Cust_428,cust428@mail.com,Gold,0.0,,,9470423569,2023-01-01
C429,Cust_429,cust429@mail.com,Bronze,0.0,,,9945801848,2023-01-01
C431,Cust_431,cust431@mail.com,Bronze,0.0,,,9520455331,2023-01-01
C432,Cust_432,cust432@mail.com,Silver,0.0,,,9130380269,2023-01-01
C433,Cust_433,cust433@mail.com,Silver,0.0,,,9030998324,2023-01-01
C434,Cust_434,cust434@mail.com,Silver,0.0,,,9676481264,2023-01-01
C435,Cust_435,invalid_email,Bronze,0.0,,,9653770973,2023-01-01
C436,Cust_436,cust436@mail.com,Silver,0.0,,,9858256589,2023-01-01
C437,Cust_437,cust437@mail.com,Silver,0.0,,,9256943695,2023-01-01
C438,Cust_438,cust438@mail.com,Gold,0.0,,,9762123506,2023-01-01
C439,Cust_439,cust439@mail.com,Gold,0.0,,,9170057261,2023-01-01
C441,Cust_441,cust441@mail.com,Gold,0.0,,,9591458887,2023-01-01
C442,Cust_442,cust442@mail.com,Bronze,0.0,,,9014682844,2023-01-01
C443,Cust_443,cust443@mail.com,Silver,0.0,,,9592975437,2023-01-01
C444,Cust_444,cust444@mail.com,Bronze,0.0,,,9438076670,2023-01-01
C445,Cust_445,cust445@mail.com,Gold,0.0,,,9100082623,2023-01-01
C446,Cust_446,cust446@mail.com,Gold,0.0,,,9241270488,2023-01-01
C447,Cust_447,cust447@mail.com,Bronze,0.0,,,9903452470,2023-01-01
C448,Cust_448,cust448@mail.com,Silver,0.0,,,9980250995,2023-01-01
C449,Cust_449,cust449@mail.com,Gold,0.0,,,9121827951,2023-01-01
C451,Cust_451,cust451@mail.com,Gold,0.0,,,9126128312,2023-01-01
C452,Cust_452,cust452@mail.com,Bronze,0.0,,,9695472980,2023-01-01
C453,Cust_453,cust453@mail.com,Bronze,0.0,,,9893506934,2023-01-01
C454,Cust_454,cust454@mail.com,Gold,0.0,,,9165325235,2023-01-01
C455,Cust_455,cust455@mail.com,Silver,0.0,,,9535126623,2023-01-01
C456,Cust_456,cust456@mail.com,Bronze,0.0,,,9769446962,2023-01-01
C457,Cust_457,cust457@mail.com,Silver,0.0,,,9313383963,2023-01-01
C458,Cust_458,cust458@mail.com,Bronze,0.0,,,9546397165,2023-01-01
C459,Cust_459,cust459@mail.com,Bronze,0.0,,,9757429971,2023-01-01
C461,Cust_461,cust461@mail.com,Silver,0.0,,,9446129354,2023-01-01
C462,Cust_462,cust462@mail.com,Silver,0.0,,,9896278008,2023-01-01
C463,Cust_463,cust463@mail.com,Bronze,0.0,,,9518079974,2023-01-01
C464,Cust_464,cust464@mail.com,Silver,0.0,,,9507042130,2023-01-01
C465,Cust_465,invalid_email,Silver,0.0,,,9261704064,2023-01-01
C466,Cust_466,cust466@mail.com,Silver,0.0,,,9490470737,2023-01-01
C467,Cust_467,cust467@mail.com,Silver,0.0,,,9591916368,2023-01-01
C468,Cust_468,cust468@mail.com,Silver,0.0,,,9155308128,2023-01-01
C469,Cust_469,cust469@mail.com,Silver,0.0,,,9411872350,2023-01-01
C471,Cust_471,cust471@mail.com,Bronze,0.0,,,9989848389,2023-01-01
C472,Cust_472,cust472@mail.com,Silver,0.0,,,9643576792,2023-01-01
C473,Cust_473,cust473@mail.com,Bronze,0.0,,,9545719501,2023-01-01
C474,Cust_474,cust474@mail.com,Gold,0.0,,,9801325519,2023-01-01
C475,Cust_475,cust475@mail.com,Gold,0.0,,,9944169379,2023-01-01
C476,Cust_476,cust476@mail.com,Bronze,0.0,,,9146574716,2023-01-01
C477,Cust_477,cust477@mail.com,Silver,0.0,,,9927741858,2023-01-01
C478,Cust_478,cust478@mail.com,Bronze,0.0,,,9074958005,2023-01-01
C479,Cust_479,cust479@mail.com,Gold,0.0,,,9296618390,2023-01-01
C481,Cust_481,cust481@mail.com,Gold,0.0,,,9848262678,2023-01-01
C482,Cust_482,cust482@mail.com,Bronze,0.0,,,9917418307,2023-01-01
C483,Cust_483,cust483@mail.com,Bronze,0.0,,,9445541033,2023-01-01
C484,Cust_484,cust484@mail.com,Bronze,0.0,,,9364938258,2023-01-01
C485,Cust_485,cust485@mail.com,Bronze,0.0,,,9845805127,2023-01-01
C486,Cust_486,cust486@mail.com,Bronze,0.0,,,9545179180,2023-01-01
C487,Cust_487,cust487@mail.com,Gold,0.0,,,9286874458,2023-01-01
C488,Cust_488,cust488@mail.com,Bronze,0.0,,,9881058292,2023-01-01
C489,Cust_489,cust489@mail.com,Bronze,0.0,,,9002754426,2023-01-01
C491,Cust_491,cust491@mail.com,Silver,0.0,,,9779591310,2023-01-01
C492,Cust_492,cust492@mail.com,Gold,0.0,,,9320571903,2023-01-01
C493,Cust_493,cust493@mail.com,Bronze,0.0,,,9899232921,2023-01-01
C494,Cust_494,cust494@mail.com,Gold,0.0,,,9630219579,2023-01-01
C495,Cust_495,invalid_email,Bronze,0.0,,,9622687986,2023-01-01
C496,Cust_496,cust496@mail.com,Silver,0.0,,,9708605988,2023-01-01
C497,Cust_497,cust497@mail.com,Gold,0.0,,,9525747313,2023-01-01
C498,Cust_498,cust498@mail.com,Silver,0.0,,,9929066493,2023-01-01
C499,Cust_499,cust499@mail.com,Silver,0.0,,,9159553112,2023-01-01
